P,Speedup,Efficiency %
1,1.0,100.0
16,10.535981731751262,65.84988582344539
32,20.889305582294416,65.27907994467004
64,41.29856096594965,64.52900150929632
128,83.38860973899273,65.14735135858807
