P,Speedup,Efficiency %
1,1.0,100.0
16,11.431150310480906,71.44468944050566
32,22.615137602076356,70.67230500648861
64,48.55187400926151,75.86230313947111
128,97.58654602121862,76.23948907907705
