n,GPU Runtime (s),CPU Runtime (s)
500,0.605956,0.00297401
10000,0.3151,0.934438
20000,0.312447,3.74471
50000,0.419532,23.3988
80000,0.459478,60.2911
100000,0.483655,93.8725
400000,1.33194,1505.35
500000,1.79408,2352.77
1000000,5.43868,9404.65