n,GPU Runtime (s),CPU Runtime (s)
500,0.463071,0.00305749
10000,0.154693,1.05875
20000,0.180783,4.26879
50000,0.335267,26.4008
80000,0.495377,68.0385
100000,0.740261,106.297
400000,7.48119,1700.22
500000,11.5838,2654.66
1000000,44.8964,10630.1

32768M
